Cipher,LUT,bit_slice,Permutation,Involution,Diff,DiffFreq,Diff1,CardD1,Lin,LinFreq,Lin1,CardL1,max_degree,min_degree,MaxDegreeFreq,MinDegreeFreq,Max_ProductDegrees,LS_number,"max_v (v, w)-linear","max_w (v, w)-linear",Optimal_Class,Cost (GE) TSMC65nm,Cost is Best ,inv_LUT,inv_bit_slice,inv_max_degree,inv_min_degree,inv_MaxDegreeFreq,inv_MinDegreeFreq,inv_Max_ProductDegrees,inv_LS_number,"inv_max_v (v, w)-linear","inv_max_w (v, w)-linear",inv_Optimal_Class
Piccolo,0e040b0203080009010a070f060c050d,aaa5_fc03_1e1d_cd94,True,False,4,24,4,4,8,36,8,7,3,2,12,3,[3|3|3|4],9,"(3, 2)","(2, 3)",G8,0,-,06080304010e0c0a050709020d0f000b,b4e2_3369_aaa5_b714,3,2,12,3,[3|3|3|4],9,"(3, 2)","(2, 3)",G8
Pride,0004080f01050e0902070a0c0b0d0603,3ccc_6a6a_d748_b2b8,True,True,4,24,4,5,8,36,8,8,3,2,12,3,[3|3|3|4],9,"(3, 2)","(2, 3)",G8,0,-,0004080f01050e0902070a0c0b0d0603,3ccc_6a6a_d748_b2b8,3,2,12,3,[3|3|3|4],9,"(3, 2)","(2, 3)",G8
Prost,0004080f01050e0902070a0c0b0d0603,3ccc_6a6a_d748_b2b8,True,True,4,24,4,5,8,36,8,8,3,2,12,3,[3|3|3|4],9,"(3, 2)","(2, 3)",G8,0,-,0004080f01050e0902070a0c0b0d0603,3ccc_6a6a_d748_b2b8,3,2,12,3,[3|3|3|4],9,"(3, 2)","(2, 3)",G8
Rectangle,06050c0a010e07090b00030d080f0402,39ac_6867_a569_2dd2,True,False,4,24,2,2,8,36,4,2,3,2,12,3,[3|3|3|4],9,"(3, 2)","(2, 3)",G1,0,-,09040f0a0e0100060c070308020b050d,a91d_c396_369c_e625,3,2,12,3,[3|3|3|4],9,"(3, 2)","(2, 3)",G1
REC_0,09040f0a0e0100060c070308020b050d,a91d_c396_369c_e625,True,False,4,24,2,2,8,36,4,2,3,2,12,3,[3|3|3|4],9,"(3, 2)","(2, 3)",G1,0,-,06050c0a010e07090b00030d080f0402,39ac_6867_a569_2dd2,3,2,12,3,[3|3|3|4],9,"(3, 2)","(2, 3)",G1
LBlock_8,08070e050f0d00060b0c090a02040103,0f35_22be_9996_c53a,True,False,4,24,4,4,8,36,8,6,3,2,12,3,[3|3|3|4],9,"(3, 2)","(2, 3)",G8,0,-,060e0c0f0d030701000a0b0809050204,1e1e_a05f_466b_34f8,3,2,12,3,[3|3|3|4],9,"(3, 2)","(2, 3)",G8
LBlock_9,0b050f000702090d0408010c0e0a0306,3ac5_9996_f035_44d7,True,False,4,24,4,4,8,36,8,6,3,2,12,3,[3|3|3|4],9,"(3, 2)","(2, 3)",G8,0,-,030a050e08010f0409060d000b070c02,555a_66cc_b24b_3565,3,2,12,3,[3|3|3|4],9,"(3, 2)","(2, 3)",G8
LBlock_6,0b09040e000f0a0d060c050703080102,22eb_0fac_9969_5ca3,True,False,4,24,4,4,8,36,8,6,3,2,12,3,[3|3|3|4],9,"(3, 2)","(2, 3)",G8,0,-,040e0f0c020a080b0d01060009070305,11ee_a50f_64b6_f384,3,2,12,3,[3|3|3|4],9,"(3, 2)","(2, 3)",G8
LBlock_7,0d0a0f000e04090b0201080307050c06,44d7_f035_9996_3ac5,True,False,4,24,4,4,8,36,8,6,3,2,12,3,[3|3|3|4],9,"(3, 2)","(2, 3)",G8,0,-,0309080b050d0f0c0a0601070e000402,11ee_5af0_9b49_0c7b,3,2,12,3,[3|3|3|4],9,"(3, 2)","(2, 3)",G8
LBlock_4,0e050f0007020c0d010804090b0a0603,3ac5_44d7_f035_9996,True,False,4,24,4,4,8,36,8,6,3,2,12,3,[3|3|3|4],9,"(3, 2)","(2, 3)",G8,0,-,0308050f0a010e04090b0d0c06070002,0f5a_3ccc_b259_272d,3,2,12,3,[3|3|3|4],9,"(3, 2)","(2, 3)",G8
LBlock_1,040b0e090f0d000a070c050602080103,22be_0f35_9996_c53a,True,False,4,24,4,4,8,36,8,6,3,2,12,3,[3|3|3|4],9,"(3, 2)","(2, 3)",G8,0,-,060e0c0f000a0b080d03070109050204,11ee_a50f_466b_3f48,3,2,12,3,[3|3|3|4],9,"(3, 2)","(2, 3)",G8
LBlock_5,020d0b0c0f0e0009070a060301080405,22be_c53a_0f35_9996,True,False,4,24,4,4,8,36,8,6,3,2,12,3,[3|3|3|4],9,"(3, 2)","(2, 3)",G8,0,-,060c000b0e0f0a080d07090203010504,05fa_c333_1a79_7728,3,2,12,3,[3|3|3|4],9,"(3, 2)","(2, 3)",G8
LBlock_2,010e070c0f0d00060b0509030204080a,c53a_22be_9996_0f35,True,False,4,24,4,4,8,36,8,6,3,2,12,3,[3|3|3|4],9,"(3, 2)","(2, 3)",G8,0,-,06000c0b0d0907020e0a0f0803050104,0f3c_a555_17c9_7478,3,2,12,3,[3|3|3|4],9,"(3, 2)","(2, 3)",G8
LBlock_3,0706080b000f030e090a0c0d05020401,0fac_5ca3_22eb_9969,True,False,4,24,4,4,8,36,8,6,3,2,12,3,[3|3|3|4],9,"(3, 2)","(2, 3)",G8,0,-,040f0d060e0c0100020809030a0b0705,3636_c03f_791a_ec46,3,2,12,3,[3|3|3|4],9,"(3, 2)","(2, 3)",G8
LBlock_0,0e090f000d040a0b0102080307060c05,44d7_f035_3ac5_9996,True,False,4,24,4,4,8,36,8,6,3,2,12,3,[3|3|3|4],9,"(3, 2)","(2, 3)",G8,0,-,0308090b050f0d0c0a0106070e040002,11ee_3cf0_9d29_0a7d,3,2,12,3,[3|3|3|4],9,"(3, 2)","(2, 3)",G8
SKINNY_4,0c060900010a020b0308050d040e070f,aaa5_fc03_e1e2_cd94,True,False,4,24,4,4,8,36,8,7,3,2,12,3,[3|3|3|4],9,"(3, 2)","(2, 3)",G8,0,-,030406080c0a010e09020507000b0d0f,e1b8_cc96_aaa5_ed41,3,2,12,3,[3|3|3|4],9,"(3, 2)","(2, 3)",G8
SC2000_4,02050a0c070f010b0d0600090408030e,a9ac_933a_c2b5_49f2,True,False,4,18,2,4,8,32,8,8,3,2,14,1,[3|3|3|4],3,"(3, 1)","(1, 3)",G9,0,-,0a06000e0c0109040d0b020703080f05,6359_c99a_5e0b_db60,3,2,14,1,[3|3|3|4],3,"(3, 1)","(1, 3)",G9
TWINE,0c000f0a020b090508030d07010e0604,256d_ec85_6a3c_1ee4,True,False,4,15,2,5,8,30,8,7,3,3,15,15,[3|3|3|4],0,"(2, 2)","(1, 3)",G3,0,-,010c04090f070e0b08060305000a0d02,61da_4a76_a6f0_4cb9,3,3,15,15,[3|3|3|4],0,"(2, 2)","(1, 3)",G3
MIBS,040f03080d0a0c000b05070e02060109,897a_2e53_3d26_c716,True,False,4,15,2,5,8,30,4,10,3,3,15,15,[3|3|3|4],0,"(2, 2)","(1, 3)",G3,0,-,070e0c0200090d0a030f050806040b01,4ae6_3647_538b_c761,3,3,15,15,[3|3|3|4],0,"(2, 2)","(1, 3)",G3
KLEIN,07040a09010f0b000c030206080e0d05,716c_e923_2e65_c279,True,True,4,15,2,6,8,30,4,8,3,3,15,15,[3|3|3|4],0,"(2, 2)","(1, 3)",G4,0,-,07040a09010f0b000c030206080e0d05,716c_e923_2e65_c279,3,3,15,15,[3|3|3|4],0,"(2, 2)","(1, 3)",G4
Qarma_sigma1,0a0d0e060f0703050908000c0b010204,1b17_88be_507d_31f2,True,True,4,15,4,8,8,30,8,12,3,3,15,15,[3|3|3|4],0,"(2, 2)","(1, 3)",G4,0,-,0a0d0e060f0703050908000c0b010204,1b17_88be_507d_31f2,3,3,15,15,[3|3|3|4],0,"(2, 2)","(1, 3)",G4
Panda,000103020f0c090b0a060807050e0d04,65f0_fa30_2b9c_58d6,True,True,4,15,4,8,8,30,8,12,3,3,15,15,[3|3|3|4],0,"(2, 2)","(1, 3)",G3,0,-,000103020f0c090b0a060807050e0d04,65f0_fa30_2b9c_58d6,3,3,15,15,[3|3|3|4],0,"(2, 2)","(1, 3)",G3
Qarma_sigma2,0b06080f0c00090e030704050d02010a,90dd_1e9a_a38b_5b49,True,False,4,15,4,9,8,30,8,12,3,3,15,15,[3|3|3|4],0,"(2, 2)","(1, 3)",G12,0,-,050e0d080a0b010902060f00040c0703,24be_7607_c732_c4e5,3,3,15,15,[3|3|3|4],0,"(2, 2)","(1, 3)",G12
PRINCE,0b0f03020a0c0901060708000e050d04,5473_f322_131f_62c7,True,False,4,15,4,12,8,30,8,13,3,3,15,15,[3|3|3|4],0,"(2, 2)","(1, 3)",G13,0,-,0b0703020f0d08090a060400050e0c01,61f1_7632_231f_90b7,3,3,15,15,[3|3|3|4],0,"(2, 2)","(1, 3)",G13
Midori_Sb1,010005030e020f070d0a090b0c080406,3f50_d1d4_8af8_0dcd,True,True,4,15,4,13,8,30,8,14,3,3,15,15,[3|3|3|4],0,"(2, 2)","(1, 3)",G13,0,-,010005030e020f070d0a090b0c080406,3f50_d1d4_8af8_0dcd,3,3,15,15,[3|3|3|4],0,"(2, 2)","(1, 3)",G13
SERPENT_S5,0f05020b040a090c00030e080d060701,1ce9_7493_662d_d24b,True,False,4,18,0,0,8,32,4,6,3,2,14,1,[3|3|3|4],3,"(3, 1)","(1, 3)",G14,0,-,080f020904010d0e0b060503070c0a00,61cb_36d2_5b86_1d6a,3,2,14,1,[3|3|3|4],3,"(3, 1)","(2, 3)",G15
SERPENT_S4,010f08030c000b060205040a090e070d,b856_e692_69ca_d24b,True,False,4,18,0,0,8,32,4,6,3,2,14,1,[3|3|3|4],3,"(3, 1)","(1, 3)",G14,0,-,050008030a09070e020c0b06040f0d01,66b4_7ac1_2dd8_e469,3,2,14,1,[3|3|3|4],3,"(3, 1)","(2, 3)",G15
SERPENT_S2,08060709030c0a0f0d010e04000b0502,25e9_4da6_a4d6_639c,True,False,4,24,0,0,8,36,4,6,3,2,12,3,[3|3|3|4],9,"(3, 2)","(2, 3)",G1,0,-,0c090f040b0e01020003060d05080a07,6837_9c2d_c6b4_9a56,3,2,12,3,[3|3|3|4],9,"(3, 2)","(2, 3)",G1
SERPENT_S6,07020c050804060b0e09010f0d030a00,5b94_196d_69c3_3e89,True,False,4,24,0,0,8,36,4,8,3,2,12,3,[3|3|3|4],9,"(3, 2)","(2, 3)",G1,0,-,0f0a010d0503060004090e07020c080b,e60b_2d59_9c63_8a3d,3,2,12,3,[3|3|3|4],9,"(3, 2)","(2, 3)",G1
SERPENT_S3,000f0b080c0906030d0102040a07050e,913e_e952_b4c6_63a6,True,False,4,18,0,0,8,32,4,8,3,2,14,1,[3|3|3|4],3,"(3, 1)","(1, 3)",G9,0,-,00090a070b0e060d03050c0204080f01,64b6_56e8_497c_c39a,3,2,14,1,[3|3|3|4],3,"(3, 1)","(1, 3)",G9
PRESENT,0c05060b09000a0d030e0f0804070102,0ed9_3687_a74c_659a,True,False,4,24,0,0,8,36,4,8,3,2,12,3,[3|3|3|4],9,"(3, 2)","(2, 3)",G1,0,-,050e0f080c01020d0b0406030007090a,c19e_2697_ad46_69a5,3,2,12,3,[3|3|3|4],9,"(3, 2)","(2, 3)",G1
SERPENT_S7,010d0f000e08020b07040c0a09030506,1cb6_c716_a9d4_7187,True,False,4,18,0,0,8,32,4,8,3,2,14,1,[3|3|3|4],3,"(3, 1)","(1, 3)",G9,0,-,0300060d090e0f08050c0b070a010402,16f8_4b6c_9c65_2d59,3,2,14,1,[3|3|3|4],3,"(3, 1)","(1, 3)",G9
SERPENT_S1,0f0c02070900050a010b0e08060d0304,2e93_b44b_568d_6359,True,False,4,24,0,0,8,36,4,8,3,2,12,3,[3|3|3|4],9,"(3, 2)","(2, 3)",G0,0,-,0508020e0f060c030b040709010d0a00,695a_2679_45bc_3d91,3,2,12,3,[3|3|3|4],9,"(3, 2)","(2, 3)",G2
SERPENT_S0,03080f010a06050b0e0d04020700090c,c396_9764_19b5_52cd,True,False,4,24,0,0,8,36,4,8,3,2,12,3,[3|3|3|4],9,"(3, 2)","(2, 3)",G2,0,-,0d030b000a06050c010e04070f090802,7295_1ee1_9a36_3947,3,2,12,3,[3|3|3|4],9,"(3, 2)","(2, 3)",G0
Noekeon,070a020c04080f000509010e030d0b06,6a6a_a959_d847_7741,True,True,4,24,4,7,8,36,8,6,3,2,12,3,[3|3|3|4],9,"(3, 2)","(2, 3)",G8,0,-,070a020c04080f000509010e030d0b06,6a6a_a959_d847_7741,3,2,12,3,[3|3|3|4],9,"(3, 2)","(2, 3)",G8
Qarma_sigma0,000e020a090f080b060403070d0c0105,30fa_bb22_0dae_dcb0,True,True,4,18,4,12,8,32,8,14,3,2,14,1,[3|3|3|4],3,"(3, 1)","(1, 3)",G9,0,-,000e020a090f080b060403070d0c0105,30fa_bb22_0dae_dcb0,3,2,14,1,[3|3|3|4],3,"(3, 1)","(1, 3)",G9
Midori_Sb0,0c0a0d030e0b0f070809010500020406,0377_c8d5_a0fa_0eec,True,True,4,24,4,12,8,36,8,15,3,2,12,3,[3|3|3|4],9,"(3, 2)","(2, 3)",G1,0,-,0c0a0d030e0b0f070809010500020406,0377_c8d5_a0fa_0eec,3,2,12,3,[3|3|3|4],9,"(3, 2)","(2, 3)",G1
MANTIS,0c0a0d030e0b0f070809010500020406,0377_c8d5_a0fa_0eec,True,True,4,24,4,12,8,36,8,15,3,2,12,3,[3|3|3|4],9,"(3, 2)","(2, 3)",G1,0,-,0c0a0d030e0b0f070809010500020406,0377_c8d5_a0fa_0eec,3,2,12,3,[3|3|3|4],9,"(3, 2)","(2, 3)",G1
DES_S6_1,0c010a0f09020608000d03040e07050b,929d_7a49_b46c_e61a,True,False,4,24,0,0,12,1,4,6,3,2,14,1,[3|3|3|4],4,"(3, 1)","(2, 3)",-,0,-,0801050a0b0e060d0704020f00090c03,68b9_4be4_8d78_a996,3,2,14,1,[3|3|3|4],4,"(3, 1)","(2, 3)",-
GIFT,010a040c060f0309020d0b070500080e,c6aa_9a3c_8d72_1ee1,True,False,6,2,2,1,8,36,8,3,3,2,12,3,[3|3|3|4],9,"(3, 2)","(2, 3)",-,0,-,0d000806020c040b0e07010a03090f05,69a5_c369_5b98_f681,3,2,12,3,[3|3|3|4],9,"(3, 2)","(2, 3)",-
DES_S2_4,0d080a01030f04020b06070c00050e09,c927_6e61_47b4_a539,True,False,6,6,0,0,12,4,4,4,3,3,15,15,[3|3|3|4],4,"(2, 2)","(1, 3)",-,0,-,0c030704060d090a010f02080b000e05,5ae1_c23d_5696_9366,3,3,15,15,[3|3|3|4],4,"(2, 2)","(1, 3)",-
DES_S6_3,090e0f0502080c030700040a010d0b06,6867_a54e_c996_718d,True,False,6,6,0,0,12,4,4,5,3,3,15,15,[3|3|3|4],4,"(2, 2)","(1, 3)",-,0,-,090c04070a030f0805000b0e060d0102,2cd3_394e_9c78_6569,3,3,15,15,[3|3|3|4],4,"(2, 2)","(1, 3)",-
DES_S7_3,01040b0d0c03070e0a0f060800050902,4b9c_26da_87e4_626d,True,False,6,6,0,0,12,4,4,6,3,3,15,15,[3|3|3|4],4,"(2, 2)","(1, 3)",-,0,-,0c000f05010d0a060b0e080204030709,8765_52ad_6bc4_e13c,3,3,15,15,[3|3|3|4],4,"(2, 2)","(1, 3)",-
DES_S4_4,030f00060a010d080904050b0c07020e,99d2_b64a_e81b_2d63,True,False,6,6,0,0,12,4,4,6,3,3,15,15,[3|3|3|4],4,"(2, 2)","(1, 3)",-,0,-,02050e00090a030d0708040b0c060f01,5ab4_7586_6965_c9d2,3,3,15,15,[3|3|3|4],4,"(2, 2)","(1, 3)",-
DES_S4_3,0a0609000c0b070d0f01030e05020804,49b5_99d2_2d63_17e4,True,False,6,6,0,0,12,4,4,6,3,3,15,15,[3|3|3|4],4,"(2, 2)","(1, 3)",-,0,-,03090d0a0f0c01060e02000504070b08,c13e_39b4_6399_6857,3,3,15,15,[3|3|3|4],4,"(2, 2)","(1, 3)",-
DES_S4_2,0d080b05060f00030407020c010a0e09,e827_4b39_66b4_92ad,True,False,6,6,0,0,12,4,4,6,3,3,15,15,[3|3|3|4],4,"(2, 2)","(1, 3)",-,0,-,060c0a0708030409010f0d020b000e05,5696_c64b_5a2d_97a8,3,3,15,15,[3|3|3|4],4,"(2, 2)","(1, 3)",-
DES_S4_1,070d0e030006090a010208050b0c040f,b4c6_e827_92ad_994b,True,False,6,6,0,0,12,4,4,6,3,3,15,15,[3|3|3|4],4,"(2, 2)","(1, 3)",-,0,-,040809030e0b05000a06070c0d01020f,9936_9e51_c738_b46c,3,3,15,15,[3|3|3|4],4,"(2, 2)","(1, 3)",-
DES_S5_3,0402010b0a0d07080f090c050603000e,87b8_9d61_b15a_2b6c,True,False,6,2,0,0,12,2,4,7,3,3,15,15,[3|3|3|4],2,"(2, 2)","(1, 3)",-,0,-,0e02010d000b0c06070904030a050f08,d269_65c9_59a3_6b2c,3,3,15,15,[3|3|3|4],2,"(2, 2)","(1, 3)",-
DES_S2_1,0f01080e060b03040907020d0c00050a,992d_5a99_8679_4b63,True,False,6,3,0,0,12,2,4,4,3,2,14,1,[3|3|3|4],5,"(3, 1)","(2, 3)",-,0,-,0d010a06070e040902080f050c0b0300,36a5_1c79_653c_6c93,3,2,14,1,[3|3|3|4],5,"(3, 1)","(2, 3)",-
DES_S6_4,0403020c09050f0a0b0e01070600080d,c3d8_9a69_1bc6_8d72,True,False,6,3,0,0,12,2,4,4,3,2,14,1,[3|3|3|4],5,"(3, 1)","(2, 3)",-,0,-,0d0a020100050c0b0e040708030f0906,69c3_a761_b586_74a9,3,2,14,1,[3|3|3|4],5,"(3, 1)","(2, 3)",-
DES_S8_3,070b0401090c0e0200060a0d0f030508,9c72_5a65_36c3_781b,True,False,6,5,0,0,12,3,4,4,3,2,14,1,[3|3|3|4],6,"(3, 1)","(2, 3)",-,0,-,0803070d020e09000f040a01050b060c,a569_d32c_6536_394e,3,2,14,1,[3|3|3|4],6,"(3, 1)","(2, 3)",-
DES_S8_1,0d020804060f0b010a09030e05000c07,4b65_d839_8d72_96e1,True,False,6,4,0,0,12,1,4,4,3,2,12,3,[3|3|3|4],10,"(3, 2)","(2, 3)",-,0,-,0d07010a030c040f020908060e000b05,56a9_98e3_599a_c297,3,2,12,3,[3|3|3|4],10,"(3, 2)","(2, 3)",-
DES_S5_2,0e0b020c04070d0105000f0a03090806,6c4b_8579_9c27_35e2,True,False,6,5,0,0,12,3,4,7,3,2,14,1,[3|3|3|4],6,"(3, 1)","(2, 3)",-,0,-,0907020c04080f050e0d0b010306000a,8769_23da_b546_1ec3,3,2,14,1,[3|3|3|4],6,"(3, 1)","(2, 3)",-
DES_S5_4,0b080c07010e020d060f00090a040503,1aa7_63ac_9369_ca99,True,False,6,5,0,0,12,3,4,8,3,2,14,1,[3|3|3|4],6,"(3, 1)","(2, 3)",-,0,-,0a04060f0d0e0803010b0c0002070509,8679_643e_32ad_e398,3,2,14,1,[3|3|3|4],6,"(3, 1)","(2, 3)",-
DES_S6_2,0a0f0402070c090506010d0e000b0308,ac63_0db6_691b_66d2,True,False,8,1,0,0,12,3,4,6,3,3,15,15,[3|3|3|4],3,"(2, 2)","(1, 3)",-,0,-,0c09030e020708040f06000d050a0b01,694b_1ba9_633c_d926,3,3,15,15,[3|3|3|4],3,"(2, 2)","(1, 3)",-
DES_S2_2,030d04070f02080e0c00010a06090b05,69d2_919e_58b9_e41b,True,False,8,1,0,0,12,2,4,4,3,2,12,3,[3|3|3|4],11,"(3, 2)","(2, 3)",-,0,-,090a0500020f0c03060d0b0e08010704,1e63_cb64_4db2_66a5,3,2,12,3,[3|3|3|4],11,"(3, 2)","(2, 3)",-
DES_S3_4,010a0d0006090807040f0e030b05020c,9666_a794_5e92_3aa5,True,False,8,3,0,0,12,4,4,4,3,2,12,3,[3|3|3|4],13,"(3, 2)","(2, 3)",-,0,-,03000e0b080d04070605010c0f020a09,d83c_1be4_718d_96a9,3,2,12,3,[3|3|3|4],13,"(3, 2)","(2, 3)",-
DES_S3_2,0d0700090304060a0208050e0c0b0f01,7a89_5c63_69d2_e41b,True,False,8,1,0,0,12,4,4,4,3,2,14,1,[3|3|3|4],7,"(3, 1)","(2, 3)",-,0,-,020f0804050a06010903070d0c000b0e,d926_9c5a_c663_4f92,3,2,14,1,[3|3|3|4],7,"(3, 1)","(2, 3)",-
DES_S3_3,0d060409080f03000b01020c050a0e07,6939_d827_e562_9369,True,False,8,1,0,0,12,2,4,4,3,2,12,3,[3|3|3|4],11,"(3, 2)","(2, 3)",-,0,-,07090a06020c010f04030d080b000e05,5ca6_c5a9_529d_96c3,3,2,12,3,[3|3|3|4],11,"(3, 2)","(2, 3)",-
DES_S7_1,040b020e0f00080d030c0907050a0601,26da_5a99_691e_9d92,True,False,8,1,0,0,12,4,4,4,3,2,14,1,[3|3|3|4],7,"(3, 1)","(2, 3)",-,0,-,050f0208000c0e0b060a0d0109070304,16ea_a563_63c6_7c83,3,2,14,1,[3|3|3|4],7,"(3, 1)","(2, 3)",-
DES_S8_4,02010e07040a080d0f0c09000305060b,87e4_639c_d12d_b58a,True,False,8,1,0,0,12,4,4,4,3,2,14,1,[3|3|3|4],7,"(3, 1)","(2, 3)",-,0,-,0b01000c040d0e03060a050f09070208,9a69_2d78_6bc1_3ca3,3,2,14,1,[3|3|3|4],7,"(3, 1)","(2, 3)",-
DES_S7_4,060b0d0801040a070905000f0e02030c,994e_9aa5_78c3_4b96,True,False,8,2,0,0,12,5,4,5,3,2,14,1,[3|3|3|4],8,"(3, 1)","(2, 3)",-,0,-,0a040d0e05090007030806010f020c0b,d22d_549e_b589_99b4,3,2,14,1,[3|3|3|4],8,"(3, 1)","(2, 3)",-
DES_S2_3,000e070b0a040d0105080c060903020f,965a_8d66_e81e_b1cc,True,False,8,1,0,0,12,2,4,6,3,2,12,3,[3|3|3|4],11,"(3, 2)","(2, 3)",-,0,-,00070e0d05080b02090c04030a06010f,936c_a61e_b8c6_c95a,3,2,12,3,[3|3|3|4],11,"(3, 2)","(2, 3)",-
DES_S1_1,0e040d01020f0b08030a060c05090007,2ae5_9c27_8771_b16c,True,False,8,1,0,0,12,4,4,6,3,2,14,1,[3|3|3|4],7,"(3, 1)","(2, 3)",-,0,-,0e030408010c0a0f070d09060b020005,16e9_8ba5_39c3_9792,3,2,14,1,[3|3|3|4],7,"(3, 1)","(2, 3)",-
DES_S1_4,0f0c080204090107050b030e0a00060d,9a27_c993_5e89_87e1,True,False,8,1,0,0,12,2,4,6,3,2,12,3,[3|3|3|4],11,"(3, 2)","(2, 3)",-,0,-,0d06030a04080e0702050c09010f0b00,6c69_26d3_61ce_7a85,3,2,12,3,[3|3|3|4],11,"(3, 2)","(2, 3)",-
DES_S7_2,0d000b070409010a0e03050c020f0806,69a5_ad19_b38c_266d,True,False,8,1,0,0,12,2,4,6,3,2,12,3,[3|3|3|4],11,"(3, 2)","(2, 3)",-,0,-,01060c09040a0f030e0507020b00080d,d16c_8756_1de2_96c9,3,2,12,3,[3|3|3|4],11,"(3, 2)","(2, 3)",-
DES_S1_3,04010e080d06020b0f0c0907030a0500,279c_4b35_39e4_5d92,True,False,8,1,0,0,12,4,4,7,3,2,14,1,[3|3|3|4],7,"(3, 1)","(2, 3)",-,0,-,0f01060c000e050b030a0d0709040208,96a9_2c6d_4ba5_1dc3,3,2,14,1,[3|3|3|4],7,"(3, 1)","(2, 3)",-
DES_S3_1,0a00090e06030f05010d0c070b040208,964d_2ed8_5879_1be4,True,False,8,1,0,0,12,3,4,8,3,2,14,1,[3|3|3|4],6,"(3, 1)","(2, 3)",-,0,-,01080e050d07040b0f02000c0a090306,3996_897c_d3a4_61b9,3,2,14,1,[3|3|3|4],6,"(3, 1)","(2, 3)",-
DES_S1_2,000f07040e020d010a060c0b09050308,9d52_265e_4b36_78c6,True,False,8,1,0,0,12,4,4,8,3,2,14,1,[3|3|3|4],7,"(3, 1)","(2, 3)",-,0,-,0007050e030d09020f0c080b0a060401,1f68_632e_399a_8976,3,2,14,1,[3|3|3|4],7,"(3, 1)","(2, 3)",-
DES_S5_1,020c0401070a0b060805030f0d000e09,d962_5a96_4cf1_9e58,True,False,8,1,0,0,12,3,4,8,3,2,14,1,[3|3|3|4],6,"(3, 1)","(2, 3)",-,0,-,0d03000a02090704080f0506010c0e0b,e329_6ec1_ca5a_9663,3,2,14,1,[3|3|3|4],6,"(3, 1)","(2, 3)",-
DES_S8_2,010f0d080a0307040c05060b000e0902,691e_27c6_ac72_4a67,True,False,10,1,0,0,12,5,4,6,3,2,14,1,[3|3|3|4],8,"(3, 1)","(2, 3)",-,0,-,0c000f0507090a06030e040b08020d01,5a65_469d_2bd4_c93c,3,2,14,1,[3|3|3|4],8,"(3, 1)","(2, 3)",-
Iceberg_S0,0d070302090a0c010f04050e06000b08,c971_1f43_592e_4597,True,True,4,15,4,4,8,30,8,10,3,3,15,15,[3|3|3|4],0,"(2, 2)","(1, 3)",G4,0,-,0d070302090a0c010f04050e06000b08,c971_1f43_592e_4597,3,3,15,15,[3|3|3|4],0,"(2, 2)","(1, 3)",G4
Anubis_S0,0d070302090a0c010f04050e06000b08,c971_1f43_592e_4597,True,True,4,15,4,4,8,30,8,10,3,3,15,15,[3|3|3|4],0,"(2, 2)","(1, 3)",G4,0,-,0d070302090a0c010f04050e06000b08,c971_1f43_592e_4597,3,3,15,15,[3|3|3|4],0,"(2, 2)","(1, 3)",G4
Khazad_P,030f0e0005040b0c0d0a090607080201,27c6_19b6_5a47_9553,True,True,4,15,2,5,8,30,8,7,3,3,15,15,[3|3|3|4],0,"(2, 2)","(1, 3)",G4,0,-,030f0e0005040b0c0d0a090607080201,27c6_19b6_5a47_9553,3,3,15,15,[3|3|3|4],0,"(2, 2)","(1, 3)",G4
Khazad_Q,090e05060a02030c0f00040d070b0108,a993_1d8e_317a_7945,True,True,4,15,2,6,8,30,8,9,3,3,15,15,[3|3|3|4],0,"(2, 2)","(1, 3)",G4,0,-,090e05060a02030c0f00040d070b0108,a993_1d8e_317a_7945,3,3,15,15,[3|3|3|4],0,"(2, 2)","(1, 3)",G4
Iceberg_S1,040a0f0c000d090b0e06010703050802,41ee_2b2d_9b86_3ce4,True,True,4,15,2,6,8,30,8,10,3,3,15,15,[3|3|3|4],0,"(2, 2)","(1, 3)",G4,0,-,040a0f0c000d090b0e06010703050802,41ee_2b2d_9b86_3ce4,3,3,15,15,[3|3|3|4],0,"(2, 2)","(1, 3)",G4
Anubis_S1,040a0f0c000d090b0e06010703050802,41ee_2b2d_9b86_3ce4,True,True,4,15,2,6,8,30,8,10,3,3,15,15,[3|3|3|4],0,"(2, 2)","(1, 3)",G4,0,-,040a0f0c000d090b0e06010703050802,41ee_2b2d_9b86_3ce4,3,3,15,15,[3|3|3|4],0,"(2, 2)","(1, 3)",G4
Minalpher,0b03040102080c0f050d0e0006090a07,66e1_97c4_d493_a38b,True,True,4,15,4,7,8,30,8,9,3,3,15,15,[3|3|3|4],0,"(2, 2)","(1, 3)",G4,0,-,0b03040102080c0f050d0e0006090a07,66e1_97c4_d493_a38b,3,3,15,15,[3|3|3|4],0,"(2, 2)","(1, 3)",G4
Fox_S3,0d0a0b01040308090507020c0f00060e,98c7_db11_d626_13ad,True,False,4,15,2,7,8,30,8,9,3,3,15,15,[3|3|3|4],0,"(2, 2)","(1, 3)",G5,0,-,0d030a0504080e09060701020b000f0c,d0e5_c359_5b46_568b,3,3,15,15,[3|3|3|4],0,"(2, 2)","(1, 3)",G5
Whirlpool_E,010b090c0d060f030e0807040a020500,135e_4d78_35e2_44d7,True,False,4,15,4,7,8,30,8,11,3,3,15,15,[3|3|3|4],0,"(2, 2)","(1, 3)",G5,0,-,0f000d070b0e050a09020c0103040806,45b5_a46d_92b9_195d,3,3,15,15,[3|3|3|4],0,"(2, 2)","(1, 3)",G5
JH_S0,0900040b0d0c030f010a02060705080e,c2b9_b8b4_9ec8_31d9,True,False,4,15,4,7,8,30,8,12,3,3,15,15,[3|3|3|4],0,"(2, 2)","(1, 3)",G13,0,-,01080a06020d0b0c0e00090305040f07,45e6_f1a8_c95c_dc61,3,3,15,15,[3|3|3|4],0,"(2, 2)","(1, 3)",G13
Whirlpool_R,070c0b0d0e04090f0603080a02050100,0cde_21bb_1b95_62cd,True,False,4,15,4,8,8,30,8,11,3,3,15,15,[3|3|3|4],0,"(2, 2)","(1, 3)",G4,0,-,0f0e0c09050d08000a060b0201030407,056f_c237_af03_b439,3,3,15,15,[3|3|3|4],0,"(2, 2)","(1, 3)",G4
JH_S1,030c060d050701090f0200040b0a0e08,f18a_493e_7325_11f9,True,False,4,15,4,10,8,30,8,12,3,3,15,15,[3|3|3|4],0,"(2, 2)","(1, 3)",G13,0,-,0a0609000b0402050f070d0c01030e08,cd15_4fa2_6353_3794,3,3,15,15,[3|3|3|4],0,"(2, 2)","(1, 3)",G13
SMASH_256_S2,010b06000e0d050a0c02090703080f04,65b2_c974_5a96_5c63,True,False,4,24,0,0,8,36,4,6,3,2,12,3,[3|3|3|4],9,"(3, 2)","(2, 3)",G1,0,-,0300090c0f06020b0d0a07010805040e,939c_e538_86f1_2d95,3,2,12,3,[3|3|3|4],9,"(3, 2)","(2, 3)",G1
SMASH_256_S3,0402090c08010e070f05000b060a030d,a95c_93c9_79c2_cba4,True,False,4,18,0,0,8,32,4,6,3,2,14,1,[3|3|3|4],3,"(3, 1)","(1, 3)",G14,0,-,0a05010e00090c0704020d0b030f0608,ac69_65ca_7a89_3ca6,3,2,14,1,[3|3|3|4],3,"(3, 1)","(2, 3)",G15
Hummingbird_2_S4,0f040508090702010a03000e060c0d0b,e919_7827_9b61_c2b5,True,False,4,18,0,0,8,32,4,6,3,2,14,1,[3|3|3|4],3,"(3, 1)","(2, 3)",G15,0,-,0a07060901020c050304080f0d0e0b00,7c49_3ac6_6927_599a,3,2,14,1,[3|3|3|4],3,"(3, 1)","(1, 3)",G14
Hummingbird_2_S3,020f0c0105060a0d0e080304000b0907,63c6_89b6_a563_e49a,True,False,4,18,0,0,8,32,4,6,3,2,14,1,[3|3|3|4],3,"(3, 1)","(1, 3)",G14,0,-,0c03000a0b04050f090e060d02070801,4b99_2ee1_369a_a9d2,3,2,14,1,[3|3|3|4],3,"(3, 1)","(2, 3)",G15
SMASH_256_S1,060d0c070f01030a080b050002040e09,c396_641f_52d9_867a,True,False,4,24,0,0,8,36,4,8,3,2,12,3,[3|3|3|4],9,"(3, 2)","(2, 3)",G2,0,-,0b050c060d0a0003080f070902010e04,4b35_c61e_56a9_2e93,3,2,12,3,[3|3|3|4],9,"(3, 2)","(2, 3)",G0
Hummingbird_2_S1,070c0e090201050f0b060d0004080a03,658e_16c7_c395_85e9,True,False,4,18,0,0,8,32,4,8,3,2,14,1,[3|3|3|4],3,"(3, 1)","(1, 3)",G9,0,-,0b05040f0c0609000d030e08010a0207,2d59_853e_e629_934b,3,2,14,1,[3|3|3|4],3,"(3, 1)","(1, 3)",G9
Hummingbird_2_S2,040a0106080f070c03000e0d05090b02,6cb2_1ce9_c56a_7964,True,False,4,18,0,0,8,32,4,8,3,2,14,1,[3|3|3|4],3,"(3, 1)","(1, 3)",G10,0,-,09020f08000c0306040d010e070b0a05,6a2d_9ba4_78c6_b645,3,2,14,1,[3|3|3|4],3,"(3, 1)","(1, 3)",G10
Fox_S2,0b04010f00030e0d0a0807050c020906,53c9_9cca_a569_4cad,True,False,4,24,4,4,8,36,8,6,3,2,12,3,[3|3|3|4],9,"(3, 2)","(2, 3)",G8,0,-,04020d05010b0f0a090e08000c070603,17e4_724d_e2e2_a17c,3,2,12,3,[3|3|3|4],9,"(3, 2)","(2, 3)",G8
LAC,0e090f000d040a0b0102080307060c05,44d7_f035_3ac5_9996,True,False,4,24,4,4,8,36,8,6,3,2,12,3,[3|3|3|4],9,"(3, 2)","(2, 3)",G8,0,-,0308090b050f0d0c0a0106070e040002,11ee_3cf0_9d29_0a7d,3,2,12,3,[3|3|3|4],9,"(3, 2)","(2, 3)",G8
UDCIKMP11,0008060d050f070c040e020309010b0a,d2aa_03fc_ce64_7878,True,False,4,24,4,5,8,36,8,6,3,2,12,3,[3|3|3|4],9,"(3, 2)","(2, 3)",G8,0,-,000d0a0b08040206010c0f0e07030905,4e1e_9ea2_3ccc_f50a,3,2,12,3,[3|3|3|4],9,"(3, 2)","(2, 3)",G8
Luffa_v1,070d0b0a0c040803050f06000901020e,925e_8733_c68d_3387,True,False,4,24,4,5,8,36,8,7,3,2,12,3,[3|3|3|4],9,"(3, 2)","(2, 3)",G8,0,-,0b0d0e0705080a00060c030204010f09,c267_531e_4d4d_e41b,3,2,12,3,[3|3|3|4],9,"(3, 2)","(2, 3)",G8
Magma_7,080e02050609010c0f040b000d0a0307,35a3_939a_e516_d568,True,False,4,18,4,5,8,32,8,9,3,2,14,1,[3|3|3|4],3,"(3, 1)","(1, 3)",G9,0,-,0b06020e0903040f00050d0a070c0108,ac99_36ca_18af_56b1,3,2,14,1,[3|3|3|4],3,"(3, 1)","(1, 3)",G9
Magma_6,050d0f0609020c0a0b07080104030e00,45d6_524f_63ac_2b17,True,False,4,18,2,6,8,32,8,9,3,2,14,1,[3|3|3|4],3,"(3, 1)","(1, 3)",G9,0,-,0f0b050d0c0003090a04070806010e02,499b_561d_d543_24cf,3,2,14,1,[3|3|3|4],3,"(3, 1)","(1, 3)",G9
Luffa,0d0e0001050a07060b03090c0f080204,3d23_98d3_53e2_1759,True,False,4,24,4,6,8,36,8,10,3,2,12,3,[3|3|3|4],9,"(3, 2)","(2, 3)",G1,0,-,02030e090f0407060d0a05080b00010c,9b1c_85f4_12d7_555a,3,2,12,3,[3|3|3|4],9,"(3, 2)","(2, 3)",G1
GOST_IETF_4,0e070a0c0d01030900020b040f080506,349d_d81b_9647_54f2,True,False,4,24,2,7,8,36,8,7,3,2,12,3,[3|3|3|4],9,"(3, 2)","(2, 3)",G8,0,-,080509060b0e0f010d07020a0304000c,8975_a36a_1e78_13d6,3,2,12,3,[3|3|3|4],9,"(3, 2)","(2, 3)",G8
CLEFIA_SS2,0b08050e0a06040c0f07020301000d09,c19b_43ec_0f39_db05,True,False,4,18,4,7,8,32,8,8,3,2,14,1,[3|3|3|4],3,"(3, 1)","(1, 3)",G9,0,-,0d0c0a0b06020509010f0400070e0308,a28f_3653_723c_53c9,3,2,14,1,[3|3|3|4],3,"(3, 1)","(1, 3)",G9
Magma_5,070f050a0801060d0009030e0b04020c,9a9a_a8c7_5c4b_16a7,True,False,4,18,4,7,8,32,8,10,3,2,14,1,[3|3|3|4],3,"(3, 1)","(1, 3)",G9,0,-,08050e0a0d0206000409030c0f070b01,5a1d_3956_746c_f612,3,2,14,1,[3|3|3|4],3,"(3, 1)","(1, 3)",G9
Magma_4,0c0802010d040f0607000a05030e090b,e453_29f1_b5c4_d958,True,False,4,18,4,7,8,32,4,13,3,2,14,1,[3|3|3|4],3,"(3, 1)","(1, 3)",G9,0,-,0903020c050b0708010e0a0f00040d06,4ea9_ea58_8e66_4973,3,2,14,1,[3|3|3|4],3,"(3, 1)","(1, 3)",G9
Enocoro_S4,0103090a050e07020d000c0f0408060b,ad2c_5d70_c8ea_8957,True,False,4,18,4,7,8,32,8,14,3,2,14,1,[3|3|3|4],3,"(3, 1)","(1, 3)",G10,0,-,090007010c040e060d02030f0a08050b,b951_49f4_9ec4_cd0d,3,2,14,1,[3|3|3|4],3,"(3, 1)","(1, 3)",G10
Twofish_Q0_T2,0b0a050e060d09000c080f0302040701,076b_653c_5c1b_cc65,True,False,4,18,2,8,8,32,8,8,3,2,14,1,[3|3|3|4],3,"(3, 1)","(2, 3)",G15,0,-,070f0c0b0d02040e090601000805030a,919e_22d7_c2ab_651b,3,2,14,1,[3|3|3|4],3,"(3, 1)","(1, 3)",G14
GOST2_2,0e000801070a05060d020409030f0c0b,e925_65d1_b2b1_b958,True,False,4,18,2,8,8,32,8,8,3,2,14,1,[3|3|3|4],3,"(3, 1)","(1, 3)",G9,0,-,0103090c0a060704020b050f0e08000d,ba1c_9ce8_1b72_8e47,3,2,14,1,[3|3|3|4],3,"(3, 1)","(1, 3)",G9
CLEFIA_SS0,0e060c0a0807020f0b01040005090d03,619d_54a7_81eb_f3a0,True,False,4,18,4,8,8,32,8,10,3,2,14,1,[3|3|3|4],3,"(3, 1)","(2, 3)",G15,0,-,0b09060f0a0c0105040d0308020e0007,2a3b_a3ac_b41d_86cb,3,2,14,1,[3|3|3|4],3,"(3, 1)","(1, 3)",G14
Magma_2,06080203090a050c010e04070b0d000f,b2b2_aec1_9a2d_b958,True,False,4,18,2,8,8,32,8,10,3,2,14,1,[3|3|3|4],3,"(3, 1)","(1, 3)",G9,0,-,0e0802030a06000b0104050c070d090f,e893_be21_90bd_f588,3,2,14,1,[3|3|3|4],3,"(3, 1)","(1, 3)",G9
CLEFIA_SS3,0a02060d0304050e000708090b0f0c01,7c89_62ec_3297_ba58,True,False,4,18,4,8,8,32,8,11,3,2,14,1,[3|3|3|4],3,"(3, 1)","(1, 3)",G9,0,-,080f0104050602090a0b000c0e03070d,9b83_d83a_7362_e296,3,2,14,1,[3|3|3|4],3,"(3, 1)","(1, 3)",G9
CLEFIA_SS1,0604000d020b0a03090c0e0f08070501,1f68_6e0b_2cf1_e9a8,True,False,4,18,4,8,8,32,8,11,3,2,14,1,[3|3|3|4],3,"(3, 1)","(1, 3)",G10,0,-,020f0407010e000d0c08060509030a0b,d3a2_0dae_e42b_b89a,3,2,14,1,[3|3|3|4],3,"(3, 1)","(1, 3)",G10
GOST2_1,060a0f04030805000d0e0701020b0c09,e326_474d_3617_ad54,True,False,4,18,2,8,8,32,8,12,3,2,14,1,[3|3|3|4],3,"(3, 1)","(1, 3)",G9,0,-,070b0c040306000a050f010d0e080902,7a86_1b2d_92b3_4f13,3,2,14,1,[3|3|3|4],3,"(3, 1)","(1, 3)",G9
Magma_8,01070e0d00050803040f0a06090c0b02,764c_2b2e_ce86_52ab,True,False,4,18,4,8,8,32,8,13,3,2,14,1,[3|3|3|4],3,"(3, 1)","(1, 3)",G9,0,-,04000f0708050b01060c0a0e0d030209,9e54_1b2d_6d4c_b0ec,3,2,14,1,[3|3|3|4],3,"(3, 1)","(1, 3)",G9
Magma_3,0b030508020f0a0d0e0107040c090600,31e9_5da4_4573_26a7,True,False,4,18,4,8,8,32,8,13,3,2,14,1,[3|3|3|4],3,"(3, 1)","(1, 3)",G9,0,-,0f0904010b020e0a030d06000c070805,52d3_b645_25f1_a31b,3,2,14,1,[3|3|3|4],3,"(3, 1)","(1, 3)",G9
CS_cipher_G,0a0600020b0e01080d0405030f0c0709,b1b1_7722_583b_dd50,True,False,4,24,4,9,8,36,8,10,3,2,12,3,[3|3|3|4],9,"(3, 2)","(2, 3)",G1,0,-,0206030b090a010e070f00040d08050c,b2b8_db82_03af_535c,3,2,12,3,[3|3|3|4],9,"(3, 2)","(2, 3)",G1
Fox_S1,020501090e0a0c080604070f0d0b0003,38f8_1f52_ad31_bc0e,True,False,4,18,4,9,8,32,8,13,3,2,14,1,[3|3|3|4],3,"(3, 1)","(1, 3)",G10,0,-,0e02000f0901080a0703050d060c040b,a8d9_7d09_938b_8f38,3,2,14,1,[3|3|3|4],3,"(3, 1)","(1, 3)",G10
Magma_1,0c0406020a050b090e080d0700030f01,47d1_4d27_695c_ece0,True,False,4,18,2,10,8,32,8,9,3,2,14,1,[3|3|3|4],3,"(3, 1)","(1, 3)",G9,0,-,0c0f030d0105020b09070406000a080e,e18b_8e2b_aac6_03be,3,2,14,1,[3|3|3|4],3,"(3, 1)","(1, 3)",G9
CS_cipher_F,0f0d0b0b070507070e0d0a0b0e0d0e0f,ff0f_f3f3_dddd_aaff,False,False,4,24,4,8,8,36,8,8,2,2,15,15,[2|4|4|4],27,"(3, 2)","(2, 3)",-,0,-,-,-,-,-,-,-,-,-,-,-,-
GOST_5,060c0701050f0d08040a090e00030b02,4ee2_0977_ea25_647c,True,False,4,21,4,6,12,1,8,12,3,3,15,15,[3|3|3|4],1,"(2, 2)","(1, 3)",-,0,-,0c030f0d08040002070a090e01060b05,4e1d_a92d_6b86_d50e,3,3,15,15,[3|3|3|4],1,"(2, 2)","(1, 3)",-
Lucifer_S1,07020e09030b00040c0d010a060f0805,6b2c_b385_3837_a639,True,False,6,1,2,8,8,30,8,9,3,3,15,15,[3|3|3|4],0,"(2, 2)","(1, 3)",-,0,-,060a0104070f0c000e030b050809020d,b562_8979_4733_ae34,3,3,15,15,[3|3|3|4],0,"(2, 2)","(1, 3)",-
Kuznyechik_nu0,0205030b06090e0a00040f01080d0c07,74e8_e652_84dd_ac2e,True,False,6,2,4,11,8,30,8,10,3,3,15,15,[3|3|3|4],0,"(2, 2)","(1, 3)",-,0,-,080b00020901040f0c0507030e0d060a,b193_77c0_dc8a_2eb2,3,3,15,15,[3|3|3|4],0,"(2, 2)","(1, 3)",-
BLAKE_7,0d0b070e0c01030905000f040806020a,949b_2d1d_e44e_05e7,True,False,6,1,4,8,8,32,8,7,3,2,14,1,[3|3|3|4],3,"(3, 1)","(1, 3)",-,0,-,09050e060b080d020c070f010400030a,8575_174e_c69c_4e53,3,2,14,1,[3|3|3|4],3,"(3, 1)","(1, 3)",-
GOST_IETF_6,030a0d0c0102000b07050904080f0e06,748e_eb0c_e1a3_2795,True,False,6,2,4,8,8,36,8,11,3,2,12,3,[3|3|3|4],9,"(3, 2)","(2, 3)",-,0,-,060405000b090f080c0a010703020e0d,c3f0_c947_7a51_9c74,3,2,12,3,[3|3|3|4],9,"(3, 2)","(2, 3)",-
GOST_1,040a09020d08000e060b010c070f0503,2ab6_7991_b38a_f614,True,False,6,2,4,9,8,36,8,13,3,2,12,3,[3|3|3|4],9,"(3, 2)","(2, 3)",-,0,-,060a030f000e080c050201090b04070d,98ea_e1a9_522f_dd0c,3,2,12,3,[3|3|3|4],9,"(3, 2)","(2, 3)",-
GOST_6,040b0a000702010d03060805090c0f0e,f486_ea91_c336_59d2,True,False,6,2,2,3,12,2,4,9,3,3,15,15,[3|3|3|4],2,"(2, 2)","(1, 3)",-,0,-,03060508000b09040a0c02010d070f0e,d368_f286_e523_7865,3,3,15,15,[3|3|3|4],2,"(2, 2)","(1, 3)",-
Lucifer_S0,0c0f070a0e0d0b000206030109040508,907b_6237_075e_5c66,True,False,6,5,6,6,12,3,8,10,3,3,15,15,[3|3|3|4],3,"(2, 2)","(1, 3)",-,0,-,070b080a0d0e09020f0c030600050401,037e_6b31_0dab_a553,3,3,15,15,[3|3|3|4],3,"(2, 2)","(1, 3)",-
Kuznyechik_sigma,0c0d0004080b0a0e030905020f010607,12f3_d48b_d9e0_b722,True,False,6,1,4,6,12,1,8,10,3,3,15,15,[3|3|3|4],1,"(2, 2)","(1, 3)",-,0,-,020d0b08030a0e0f040906050001070c,82ee_cdc2_44f5_6a96,3,3,15,15,[3|3|3|4],1,"(2, 2)","(1, 3)",-
GOST_IETF_8,0b0a0f05000c0e080602030901070d04,48e7_e16c_2747_7c0d,True,False,6,4,4,6,12,2,8,11,3,3,15,15,[3|3|3|4],2,"(2, 2)","(1, 3)",-,0,-,040c090a0f03080d070b0100050e0602,22de_7193_e338_17b4,3,3,15,15,[3|3|3|4],2,"(2, 2)","(1, 3)",-
BLAKE_5,020c060a000b0803040d07050f0e0109,b26a_3f06_34ad_dea0,True,False,6,2,6,7,12,1,8,11,3,3,15,15,[3|3|3|4],1,"(2, 2)","(1, 3)",-,0,-,040e0007080b020a060f030501090d0c,e2b2_cb0b_07ea_7e28,3,3,15,15,[3|3|3|4],1,"(2, 2)","(1, 3)",-
GOST_2,0e0b040c060d0f0a0203080100070509,84eb_607d_23d3_ea62,True,False,6,3,4,7,12,2,8,11,3,3,15,15,[3|3|3|4],2,"(2, 2)","(1, 3)",-,0,-,0c0b0809020e040d0a0f070103050006,03af_a6e1_9732_3e8a,3,3,15,15,[3|3|3|4],2,"(2, 2)","(1, 3)",-
GOST_3,0508010d0a0304020e0f0c070600090b,c71a_1f49_9bb0_ca2d,True,False,6,5,2,7,12,3,8,12,3,3,15,15,[3|3|3|4],3,"(2, 2)","(1, 3)",-,0,-,0d02070506000c0b010e040f0a030809,dac1_0e5d_3a96_a98d,3,3,15,15,[3|3|3|4],3,"(2, 2)","(1, 3)",-
BLAKE_4,0900050702040a0f0e010b0c0608030d,adc1_99ac_55d8_c68d,True,False,6,2,6,8,12,1,8,9,3,3,15,15,[3|3|3|4],1,"(2, 2)","(1, 3)",-,0,-,0109040e05020c030d00060a0b0f0807,794a_a55c_bca8_b193,3,3,15,15,[3|3|3|4],1,"(2, 2)","(1, 3)",-
BLAKE_9,0a020804070601050f0b090e030c0d00,6f05_69b8_1b33_57d0,True,False,6,5,4,8,12,3,12,10,3,3,15,15,[3|3|3|4],3,"(2, 2)","(1, 3)",-,0,-,0f06010c03070504020a00090d0e0b08,fa09_30eb_6333_5875,3,3,15,15,[3|3|3|4],3,"(2, 2)","(1, 3)",-
Twofish_Q0_T1,0e0c0b08010203050f040a060700090d,c50f_9b83_1d65_d1d4,True,False,6,1,4,9,12,1,8,12,3,3,15,15,[3|3|3|4],1,"(2, 2)","(1, 3)",-,0,-,0d04050609070b0c030e0a02010f0008,a6d1_22af_2f68_3175,3,3,15,15,[3|3|3|4],1,"(2, 2)","(1, 3)",-
GOST_IETF_1,09060302080b01070a040e0f0c000d05,5d31_de82_0dae_c8e5,True,False,6,1,4,9,12,1,8,13,3,3,15,15,[3|3|3|4],1,"(2, 2)","(1, 3)",-,0,-,0d060302090f0107040008050c0e0a0b,f431_39a3_e0ae_88f5,3,3,15,15,[3|3|3|4],1,"(2, 2)","(1, 3)",-
GOST_4,070d0a010008090f0e04060c0b020503,19e6_4f83_b585_d0cb,True,False,6,5,4,3,12,3,8,8,3,2,14,1,[3|3|3|4],6,"(3, 1)","(2, 3)",-,0,-,04030d0f090e0a000506020c0b010807,587c_8b2d_966a_b11e,3,2,14,1,[3|3|3|4],6,"(3, 1)","(2, 3)",-
BLAKE_8,060f0e090b0300080c020d0701040a05,459e_ad07_4a37_9c3a,True,False,6,2,4,5,12,1,8,10,3,2,14,1,[3|3|3|4],4,"(3, 1)","(2, 3)",-,0,-,060c09050d0f000b07030e04080a0201,34b6_0d3b_67a1_83bc,3,2,14,1,[3|3|3|4],4,"(3, 1)","(2, 3)",-
Twofish_Q1_T0,02080b0d0f07060e03010904000a0c05,649e_c8f8_21f5_873c,True,False,6,2,4,5,12,1,8,11,3,2,14,1,[3|3|3|4],4,"(3, 1)","(1, 3)",-,0,-,0c0900080b0f0605010a0d020e030704,163b_d4e1_7a70_65b2,3,2,14,1,[3|3|3|4],4,"(3, 1)","(2, 3)",-
Twofish_Q0_T3,0d070f040102060e090b030008050c0a,d385_60cf_86e6_2717,True,False,6,2,6,6,12,1,8,10,3,2,14,1,[3|3|3|4],4,"(3, 1)","(2, 3)",-,0,-,0b04050a030d06010c080f090e000702,1f29_5566_d459_4cb5,3,2,14,1,[3|3|3|4],4,"(3, 1)","(1, 3)",-
BLAKE_2,0b080c0005020f0d0a0e030607010904,43c7_9ad4_1f61_74d1,True,False,6,3,4,6,12,2,8,11,3,2,14,1,[3|3|3|4],5,"(3, 1)","(2, 3)",-,0,-,030d050a0f040b0c010e080002070906,46da_a2b6_b259_6157,3,2,14,1,[3|3|3|4],5,"(3, 1)","(2, 3)",-
Twofish_Q1_T1,010e020b040c0307060d0a050f090008,b62a_1bb2_15ce_3ac9,True,False,6,2,4,8,12,1,8,10,3,2,14,1,[3|3|3|4],4,"(3, 1)","(2, 3)",-,0,-,0e000206040b08070f0d0a030509010c,a761_9399_0dad_7ba0,3,2,14,1,[3|3|3|4],4,"(3, 1)","(2, 3)",-
Twofish_Q1_T2,040c07050106090a000e0d08020b030f,aec2_862f_f2a4_e45c,True,False,6,1,2,8,12,1,8,12,3,2,14,1,[3|3|3|4],4,"(3, 1)","(2, 3)",-,0,-,08040c0e000305020b06070d010a090f,e90d_8e4e_a7a8_dd60,3,2,14,1,[3|3|3|4],4,"(3, 1)","(1, 3)",-
Twofish_Q0_T0,0801070d060f0302000b05090e0c0a04,7a29_b43c_52f4_0e6e,True,False,6,2,4,9,12,1,8,11,3,2,14,1,[3|3|3|4],4,"(3, 1)","(2, 3)",-,0,-,080107060f0a0402000b0e090d030c05,5e31_d45c_26bc_ba16,3,2,14,1,[3|3|3|4],4,"(3, 1)","(2, 3)",-
BLAKE_3,070903010d0c0b0e0206050a04000f08,c8f2_56b1_4bc5_445f,True,False,6,2,4,9,12,1,8,14,3,2,14,1,[3|3|3|4],4,"(3, 1)","(2, 3)",-,0,-,0d0308020c0a09000f010b060504070e,8575_f911_cd2a_5743,3,2,14,1,[3|3|3|4],4,"(3, 1)","(2, 3)",-
GOST_IETF_3,0e0406020b030d080c0f050a00070109,8bd1_2747_2a3d_e670,True,False,6,3,4,10,12,1,8,9,3,2,14,1,[3|3|3|4],4,"(3, 1)","(1, 3)",-,0,-,0c0e0305010a020d070f0b0408060009,96a3_2b8b_2766_879c,3,2,14,1,[3|3|3|4],4,"(3, 1)","(1, 3)",-
Kuznyechik_phi,0b020b080c04010c060305080e03060b,989d_55b0_f307_a645,False,False,8,1,6,6,12,2,6,14,4,3,8,7,[4|4|4|4],2,"(2, 2)","(1, 3)",-,0,-,-,-,-,-,-,-,-,-,-,-,-
GOST_IETF_7,010d0209070a0600080c04050f030b0e,d32a_9e52_f074_781b,True,False,8,1,4,7,12,2,12,7,3,3,15,15,[3|3|3|4],2,"(2, 2)","(1, 3)",-,0,-,0700020d0a0b06040803050e09010f0c,d938_ccc9_4a75_7629,3,3,15,15,[3|3|3|4],2,"(2, 2)","(1, 3)",-
Twofish_Q1_T3,0b0905010c030d0e0604070f0200080a,c8d3_0fd4_9da1_0c6f,True,False,8,1,8,9,12,2,8,10,3,3,15,15,[3|3|3|4],2,"(2, 2)","(1, 3)",-,0,-,0d030c050902080a0e010f000406070b,85d5_750d_e5a2_c61b,3,3,15,15,[3|3|3|4],2,"(2, 2)","(1, 3)",-
GOST_7,0d0b0401030f0509000a0e070608020c,a6a3_9c65_5e32_08fb,True,False,8,1,4,6,12,2,12,8,3,2,14,1,[3|3|3|4],5,"(3, 1)","(2, 3)",-,0,-,08030e0402060c0b0d0709010f000a05,55c5_936c_52b6_9f82,3,2,14,1,[3|3|3|4],5,"(3, 1)","(2, 3)",-
BLAKE_6,0c05010f0e0d040a000706030902080b,d0b9_067b_ae98_9a2e,True,False,8,1,4,6,12,4,8,10,3,2,14,1,[3|3|3|4],7,"(3, 1)","(2, 3)",-,0,-,08020d0b06010a090e0c070f00050403,0bcd_6f14_8d5a_acac,3,2,14,1,[3|3|3|4],7,"(3, 1)","(2, 3)",-
GOST_IETF_2,03070e09080a0f000502060c0b040d01,587c_6d46_1667_d14b,True,False,8,1,2,6,12,2,4,13,3,2,12,3,[3|3|3|4],11,"(3, 2)","(2, 3)",-,0,-,070f09000d080a010403050c0b0e0206,3876_ad13_f243_1697,3,2,12,3,[3|3|3|4],11,"(3, 2)","(2, 3)",-
GOST_8,010f0d0005070a040902030e060b080c,e946_98b6_3e62_2537,True,False,8,1,4,7,12,4,8,12,3,2,14,1,[3|3|3|4],7,"(3, 1)","(2, 3)",-,0,-,0300090a07040c050e08060d0f020b01,5b4c_1df0_7519_d895,3,2,14,1,[3|3|3|4],7,"(3, 1)","(2, 3)",-
GOST_IETF_5,0b050109080d0f000e0402030c070a06,5179_b362_ed41_286f,True,False,8,1,4,7,12,2,8,14,3,2,14,1,[3|3|3|4],5,"(3, 1)","(2, 3)",-,0,-,07020a0b09010f0d04030e000c050806,54dc_b5c1_864f_22f9,3,2,14,1,[3|3|3|4],5,"(3, 1)","(2, 3)",-
BLAKE_1,0e0a0408090f0d06010c00020b070503,127b_62e5_b8a3_f170,True,False,8,1,4,9,12,1,12,11,3,2,14,1,[3|3|3|4],4,"(3, 1)","(1, 3)",-,0,-,0a080b0f020e070d0304010c09060005,18af_aae8_217d_95cc,3,2,14,1,[3|3|3|4],4,"(3, 1)","(1, 3)",-
Kuznyechik_nu1,07060c09000f080104050b0e0d02030a,9c6c_1b27_ec23_56a9,True,False,16,2,4,4,12,8,8,5,3,2,8,7,[3|3|3|4],29,"(3, 2)","(2, 3)",-,0,-,04070d0e0809010006030f0a020c0b05,6c3c_a50f_5f0a_c666,3,2,8,7,[3|3|3|4],29,"(3, 2)","(2, 3)",-
Optimal_S11,0001020d04070f06080e0b0a05090c03,6f48_52f8_8ee4_b46a,True,False,4,15,4,7,8,30,8,9,3,3,15,15,[3|3|3|4],0,"(2, 2)","(1, 3)",G11,0,-,0001020f040c0705080d0b0a0e030906,5f28_92f8_bc4c_66ca,3,3,15,15,[3|3|3|4],0,"(2, 2)","(1, 3)",G11
Optimal_S7,0001020d04070f06080c0e0b0a090305,3f48_86f8_5ce4_e86a,True,False,4,15,2,7,8,30,8,12,3,3,15,15,[3|3|3|4],0,"(2, 2)","(1, 3)",G7,0,-,0001020e040f0705080d0c0b09030a06,5f28_86f8_e86c_3ae2,3,3,15,15,[3|3|3|4],0,"(2, 2)","(1, 3)",G7
Optimal_S12,0001020d04070f06080e0b0a09030c05,5f48_c2f8_2ee4_b46a,True,False,4,15,4,8,8,30,8,12,3,3,15,15,[3|3|3|4],0,"(2, 2)","(1, 3)",G12,0,-,0001020d040f0705080c0b0a0e030906,5f28_92f8_bc64_64ea,3,3,15,15,[3|3|3|4],0,"(2, 2)","(1, 3)",G12
Optimal_S6,0001020d04070f06080c0b090a0e0503,3f48_62f8_b4e4_cc6a,True,False,4,15,4,9,8,30,8,9,3,3,15,15,[3|3|3|4],0,"(2, 2)","(1, 3)",G6,0,-,0001020f040e0705080b0c0a09030d06,5f28_c4f8_aa6c_72ca,3,3,15,15,[3|3|3|4],0,"(2, 2)","(1, 3)",G6
Optimal_S3,0001020d04070f06080c05030a0e0b09,f348_26f8_78e4_cc6a,True,False,4,15,4,9,8,30,8,9,3,3,15,15,[3|3|3|4],0,"(2, 2)","(1, 3)",G3,0,-,0001020b040a0705080f0c0e09030d06,5f28_ced0_aa6c_72ca,3,3,15,15,[3|3|3|4],0,"(2, 2)","(1, 3)",G3
Optimal_S13,0001020d04070f06080e0c09050b0a03,6f48_16f8_e2e4_b86a,True,False,4,15,2,9,8,30,8,10,3,3,15,15,[3|3|3|4],0,"(2, 2)","(1, 3)",G13,0,-,0001020f040c0705080b0e0d0a030906,5f28_8cf8_b64c_6aca,3,3,15,15,[3|3|3|4],0,"(2, 2)","(1, 3)",G13
Optimal_S4,0001020d04070f06080c090b0a0e0503,3f48_62f8_b8e4_cc6a,True,False,4,15,4,9,8,30,8,10,3,3,15,15,[3|3|3|4],0,"(2, 2)","(1, 3)",G4,0,-,0001020f040e0705080a0c0b09030d06,5f28_c4f8_aa6c_78ca,3,3,15,15,[3|3|3|4],0,"(2, 2)","(1, 3)",G4
Optimal_S5,0001020d04070f06080c0b090a0e0305,3f48_a2f8_74e4_cc6a,True,False,4,15,4,10,8,30,8,10,3,3,15,15,[3|3|3|4],0,"(2, 2)","(1, 3)",G5,0,-,0001020e040f0705080b0c0a09030d06,5f28_c4f8_aa6c_72e2,3,3,15,15,[3|3|3|4],0,"(2, 2)","(1, 3)",G5
Serpent_type_S16,00030508090c0e070a0d0f04060b0102,2778_1ee4_b5c2_6696,True,False,4,24,0,0,8,36,4,4,3,2,12,3,[3|3|3|4],9,"(3, 2)","(2, 3)",G0,0,-,000e0f010b020c070304080d0509060a,ac56_5ac6_c1b6_399c,3,2,12,3,[3|3|3|4],9,"(3, 2)","(2, 3)",G2
Serpent_type_S7,00030508060c0b070d0a0e04010f0209,a768_2db4_66d2_b1c6,True,False,4,24,0,0,8,36,4,4,3,2,12,3,[3|3|3|4],9,"(3, 2)","(2, 3)",G2,0,-,000c0e010b020407030f090605080a0d,e616_9ac6_4bb4_9798,3,2,12,3,[3|3|3|4],9,"(3, 2)","(2, 3)",G0
Serpent_type_S11,00030508060d0f0207040e0b0a01090c,dc68_8774_1dd2_6966,True,False,4,24,0,0,8,36,8,5,3,2,12,3,[3|3|3|4],9,"(3, 2)","(2, 3)",G0,0,-,000d070109020408030e0c0b0f050a06,5e92_b646_db24_391e,3,2,12,3,[3|3|3|4],9,"(3, 2)","(2, 3)",G2
Serpent_type_S12,00030508060d0f020c090a040b0e0107,3768_a974_b4d2_d266,True,False,4,24,0,0,8,36,8,5,3,2,12,3,[3|3|3|4],9,"(3, 2)","(2, 3)",G2,0,-,000e07010b02040f03090a0c08050d06,5e92_e8c6_85b6_639c,3,2,12,3,[3|3|3|4],9,"(3, 2)","(2, 3)",G0
Serpent_type_S15,0003050807090b0e0a0d0f040c020601,17e8_5e94_65d2_8676,True,False,4,18,0,0,8,32,4,6,3,2,14,1,[3|3|3|4],3,"(3, 1)","(1, 3)",G14,0,-,000f0d010b020e04030508060c09070a,b456_5ac6_c972_631e,3,2,14,1,[3|3|3|4],3,"(3, 1)","(2, 3)",G15
Serpent_type_S17,000305080a0d09040f0602010c0b070e,b178_d3a4_e712_6966,True,False,4,24,0,0,8,36,8,6,3,2,12,3,[3|3|3|4],9,"(3, 2)","(2, 3)",G1,0,-,000b0a010702090e0306040d0c050f08,d8c6_7e90_43b6_695a,3,2,12,3,[3|3|3|4],9,"(3, 2)","(2, 3)",G1
Serpent_type_S1,0003050806090a070b0c0e02010f0d04,6768_e694_2dd2_71a6,True,False,4,24,0,0,8,36,4,6,3,2,12,3,[3|3|3|4],9,"(3, 2)","(2, 3)",G1,0,-,000c0b010f02040703050608090e0a0d,f816_a6d2_65b4_939c,3,2,12,3,[3|3|3|4],9,"(3, 2)","(2, 3)",G1
Serpent_type_S2,0003050806090b020d040e010a0f070c,b568_e714_74d2_6966,True,False,4,24,0,0,8,36,8,6,3,2,12,3,[3|3|3|4],9,"(3, 2)","(2, 3)",G1,0,-,000b07010902040e03050c060f080a0d,f492_9ec4_59a6_931e,3,2,12,3,[3|3|3|4],9,"(3, 2)","(2, 3)",G1
Serpent_type_S6,00030508060c0b070a0d090e0f010204,1f68_9ab4_59d2_36c6,True,False,4,24,0,0,8,36,4,6,3,2,12,3,[3|3|3|4],9,"(3, 2)","(2, 3)",G1,0,-,000d0e010f020407030a080605090b0c,e616_98d6_4bb4_719a,3,2,12,3,[3|3|3|4],9,"(3, 2)","(2, 3)",G1
Serpent_type_S8,00030508060c0f010a04090e0d0b0207,3d68_9a74_e952_b4c6,True,False,4,18,0,0,8,32,4,6,3,2,14,1,[3|3|3|4],3,"(3, 1)","(2, 3)",G15,0,-,00070e010902040f030a080d050c0b06,6e94_b8c6_c3a6_599a,3,2,14,1,[3|3|3|4],3,"(3, 1)","(1, 3)",G14
Serpent_type_S10,00030508060d0f01090c020b0a07040e,9b68_e274_bc52_29e6,True,False,4,24,0,0,8,36,8,7,3,2,12,3,[3|3|3|4],9,"(3, 2)","(2, 3)",G2,0,-,00070a010e02040d03080c0b09050f06,5e94_e4d2_c936_798a,3,2,12,3,[3|3|3|4],9,"(3, 2)","(2, 3)",G0
Serpent_type_S9,00030508060c0f020e090b070d0a0401,3768_5974_2dd2_9e46,True,False,4,24,0,0,8,36,8,7,3,2,12,3,[3|3|3|4],9,"(3, 2)","(2, 3)",G0,0,-,000f07010e02040b03090d0a050c0806,6e92_b456_89b6_178e,3,2,12,3,[3|3|3|4],9,"(3, 2)","(2, 3)",G2
Serpent_type_S19,0003050a070c0b060d0402090e01080f,d968_93b4_94da_a956,True,False,4,24,0,0,8,36,4,8,3,2,12,3,[3|3|3|4],9,"(3, 2)","(2, 3)",G0,0,-,000d0a01090207040e0b030605080c0f,e316_d9c2_8f64_965a,3,2,12,3,[3|3|3|4],9,"(3, 2)","(2, 3)",G2
Serpent_type_S18,000305080b0c060f0e090207040a0d01,63b8_59e4_2dd2_ca96,True,False,4,24,0,0,8,36,4,8,3,2,12,3,[3|3|3|4],9,"(3, 2)","(2, 3)",G1,0,-,000f0a010c02060b03090d04050e0807,6696_bc52_a1e6_978a,3,2,12,3,[3|3|3|4],9,"(3, 2)","(2, 3)",G1
Serpent_type_S14,000305080704090e0f06020b0a0d0c01,79c8_63b4_1f92_a956,True,False,4,24,0,0,8,36,4,8,3,2,12,3,[3|3|3|4],9,"(3, 2)","(2, 3)",G2,0,-,000f0a010502090403060c0b0e0d0708,bc46_7692_5b26_695a,3,2,12,3,[3|3|3|4],9,"(3, 2)","(2, 3)",G0
Serpent_type_S13,00030508060f0a0107090e040b0c0d02,7668_6d34_9572_53a6,True,False,4,18,0,0,8,32,4,8,3,2,14,1,[3|3|3|4],3,"(3, 1)","(1, 3)",G9,0,-,00070f010b0204080309060c0d0e0a05,7a94_bc46_6536_931e,3,2,14,1,[3|3|3|4],3,"(3, 1)","(1, 3)",G9
Serpent_type_S0,00030506070a0b0c0d040e090801020f,9de0_879c_c47a_a956,True,False,4,24,0,0,8,36,4,8,3,2,12,3,[3|3|3|4],9,"(3, 2)","(2, 3)",G1,0,-,000d0e01090203040c0b050607080a0f,e316_9d86_da64_965a,3,2,12,3,[3|3|3|4],9,"(3, 2)","(2, 3)",G1
Serpent_type_S3,00030508060a0f040e0d090201070c0b,c768_63d4_a972_b646,True,False,4,18,0,0,8,32,4,8,3,2,14,1,[3|3|3|4],3,"(3, 1)","(1, 3)",G10,0,-,000c0b010702040d030a050f0e090806,7a86_9cd2_9b34_2d9c,3,2,14,1,[3|3|3|4],3,"(3, 1)","(1, 3)",G10
Serpent_type_S5,00030508060c0b070a04090e0f01020d,9d68_9ab4_59d2_b4c6,True,False,4,18,0,0,8,32,4,8,3,2,14,1,[3|3|3|4],3,"(3, 1)","(1, 3)",G10,0,-,000d0e0109020407030a0806050f0b0c,e616_b8c6_6ba4_719a,3,2,14,1,[3|3|3|4],3,"(3, 1)","(1, 3)",G10
Serpent_type_S4,00030508060c0b07090e0a0d0f020104,1f68_9ab4_36d2_59c6,True,False,4,18,0,0,8,32,4,8,3,2,14,1,[3|3|3|4],3,"(3, 1)","(1, 3)",G9,0,-,000e0d010f02040703080a06050b090c,e616_98d6_2db2_719c,3,2,14,1,[3|3|3|4],3,"(3, 1)","(1, 3)",G9
Golden_S2,00030508060a0f040e0d090201070c0b,c768_63d4_a972_b646,True,False,4,18,0,0,8,32,4,8,3,2,14,1,[3|3|3|4],3,"(3, 1)","(1, 3)",G10,0,-,000c0b010702040d030a050f0e090806,7a86_9cd2_9b34_2d9c,3,2,14,1,[3|3|3|4],3,"(3, 1)","(1, 3)",G10
Golden_S3,00030508060c0b070a04090e0f01020d,9d68_9ab4_59d2_b4c6,True,False,4,18,0,0,8,32,4,8,3,2,14,1,[3|3|3|4],3,"(3, 1)","(1, 3)",G10,0,-,000d0e0109020407030a0806050f0b0c,e616_b8c6_6ba4_719a,3,2,14,1,[3|3|3|4],3,"(3, 1)","(1, 3)",G10
Golden_S0,0003050806090c070d0a0e04010f0b02,6768_2dd4_e692_71a6,True,False,4,18,0,0,8,32,4,8,3,2,14,1,[3|3|3|4],3,"(3, 1)","(1, 3)",G9,0,-,000c0f010b0204070305090e06080a0d,ec16_9ac6_59b4_879c,3,2,14,1,[3|3|3|4],3,"(3, 1)","(1, 3)",G9
Golden_S1,00030508060c0b07090e0a0d0f020104,1f68_9ab4_36d2_59c6,True,False,4,18,0,0,8,32,4,8,3,2,14,1,[3|3|3|4],3,"(3, 1)","(1, 3)",G9,0,-,000e0d010f02040703080a06050b090c,e616_98d6_2db2_719c,3,2,14,1,[3|3|3|4],3,"(3, 1)","(1, 3)",G9
Optimal_S8,0001020d04070f06080e09050a0b030c,b748_8af8_72e4_6c6a,True,False,4,24,4,6,8,36,8,8,3,2,12,3,[3|3|3|4],9,"(3, 2)","(2, 3)",G8,0,-,0001020e040b0705080a0c0d0f030906,5f28_9cd8_b26c_78e2,3,2,12,3,[3|3|3|4],9,"(3, 2)","(2, 3)",G8
Optimal_S2,0001020d04070f06080b0e030a0c0509,b748_64f8_1ee4_ca6a,True,False,4,24,2,7,8,36,8,7,3,2,12,3,[3|3|3|4],9,"(3, 2)","(2, 3)",G2,0,-,0001020b040e0705080f0c090d030a06,5f28_96f0_e26c_3aca,3,2,12,3,[3|3|3|4],9,"(3, 2)","(2, 3)",G0
Optimal_S0,0001020d04070f06080b0c09030e0a05,6f48_a4f8_72e4_9a6a,True,False,4,24,4,7,8,36,8,9,3,2,12,3,[3|3|3|4],9,"(3, 2)","(2, 3)",G0,0,-,0001020c040f0705080b0e090a030d06,5f28_c4f8_b664_6ae2,3,2,12,3,[3|3|3|4],9,"(3, 2)","(2, 3)",G2
Optimal_S10,0001020d04070f06080e0b050a09030c,b748_8af8_56e4_6c6a,True,False,4,18,4,7,8,32,8,10,3,2,14,1,[3|3|3|4],3,"(3, 1)","(1, 3)",G10,0,-,0001020e040b0705080d0c0a0f030906,5f28_96d8_b86c_72e2,3,2,14,1,[3|3|3|4],3,"(3, 1)","(1, 3)",G10
Optimal_S14,0001020d04070f06080e0c0b0309050a,af48_46f8_9ae4_786a,True,False,4,18,2,7,8,32,8,12,3,2,14,1,[3|3|3|4],3,"(3, 1)","(1, 3)",G14,0,-,0001020c040e0705080d0f0b0a030906,5f28_86f8_bc64_6ec2,3,2,14,1,[3|3|3|4],3,"(3, 1)","(2, 3)",G15
Optimal_S9,0001020d04070f06080e0b0305090a0c,e748_92f8_4ee4_3c6a,True,False,4,18,2,8,8,32,8,7,3,2,14,1,[3|3|3|4],3,"(3, 1)","(1, 3)",G9,0,-,0001020b040c0705080d0e0a0f030906,5f28_96f0_bc4c_72ca,3,2,14,1,[3|3|3|4],3,"(3, 1)","(1, 3)",G9
Optimal_S1,0001020d04070f06080b0e0305090a0c,e748_94f8_4ee4_3a6a,True,False,4,24,4,8,8,36,8,8,3,2,12,3,[3|3|3|4],9,"(3, 2)","(2, 3)",G1,0,-,0001020b040c0705080d0e090f030a06,5f28_96f0_f44c_3aca,3,2,12,3,[3|3|3|4],9,"(3, 2)","(2, 3)",G1
Optimal_S15,0001020d04070f06080e0c0b09030a05,5f48_86f8_6ae4_b86a,True,False,4,18,2,8,8,32,8,13,3,2,14,1,[3|3|3|4],3,"(3, 1)","(2, 3)",G15,0,-,0001020d040f0705080c0e0b0a030906,5f28_86f8_bc64_68ea,3,2,14,1,[3|3|3|4],3,"(3, 1)","(1, 3)",G14
Num1_DL_22_3,000e09050f080a07030b060c04010d02,4a76_5c9a_87d2_639c,True,False,4,24,2,2,8,36,4,2,3,2,12,3,[3|3|3|4],9,"(3, 2)","(2, 3)",G0,0,-,000d0f080c030a07050206090b0e0104,385e_a596_36e4_59a6,3,2,12,3,[3|3|3|4],9,"(3, 2)","(2, 3)",G2
Num1_DL_13_1,000c09070f020601030b040e0a050d08,da16_6c5a_1b78_639c,True,False,4,24,2,1,8,36,4,3,3,2,12,3,[3|3|3|4],9,"(3, 2)","(2, 3)",G0,0,-,000705080a0d06030f020c09010e0b04,6d38_a566_63d2_59a6,3,2,12,3,[3|3|3|4],9,"(3, 2)","(2, 3)",G2
Num1_DL_22_2,000b06090c05030e0d070804020a0f01,659a_4bb4_72c6_c36a,True,False,4,24,2,2,8,36,4,2,3,2,12,3,[3|3|3|4],9,"(3, 2)","(2, 3)",G1,0,-,000f0c060b0502090a030d010408070e,a596_d42e_c35a_4eb2,3,2,12,3,[3|3|3|4],9,"(3, 2)","(2, 3)",G1
Num1_DL_13_0,000c090706010f02030b040e0d080a05,7a46_9c5a_4bd8_936c,True,False,4,24,2,1,8,36,4,3,3,2,12,3,[3|3|3|4],9,"(3, 2)","(2, 3)",G0,0,-,000507080a0f04030d020e09010c0b06,6d38_a566_c6b4_59a6,3,2,12,3,[3|3|3|4],9,"(3, 2)","(2, 3)",G2
Num1_DL_22_1,000b0e010a070d04060c090f05080302,2e56_1be4_c936_5c6a,True,False,4,24,2,2,8,36,4,2,3,2,12,3,[3|3|3|4],9,"(3, 2)","(2, 3)",G1,0,-,00030f0e070c08050d0a04010906020b,936c_25bc_e21e_9996,3,2,12,3,[3|3|3|4],9,"(3, 2)","(2, 3)",G1
Num1_DL_13_3,000d040b070e0902060a030508010f0c,d26a_c936_47b8_6c5a,True,False,4,24,2,1,8,36,4,3,3,2,12,3,[3|3|3|4],9,"(3, 2)","(2, 3)",G2,0,-,000d070a020b08040c0609030f01050e,956a_d386_9a3c_7c26,3,2,12,3,[3|3|3|4],9,"(3, 2)","(2, 3)",G0
Num1_DL_04_0,000b0c050601090a030e0f080d040207,1ec6_b61c_c792_956a,True,False,4,24,0,0,8,36,4,4,3,2,12,3,[3|3|3|4],9,"(3, 2)","(2, 3)",G0,0,-,00050e080d03040f0b060701020c090a,e19c_26d6_97a4_4db2,3,2,12,3,[3|3|3|4],9,"(3, 2)","(2, 3)",G2
Num1_DL_22_0,000d08020e0b07050f06030c0401090a,c936_1bd2_8778_65e2,True,False,4,24,2,2,8,36,4,2,3,2,12,3,[3|3|3|4],9,"(3, 2)","(2, 3)",G2,0,-,000d030a0c070906020e0f050b010408,965a_4eb2_17ac_3c66,3,2,12,3,[3|3|3|4],9,"(3, 2)","(2, 3)",G0
Num1_DL_04_1,000c0d0a050b0e070f06020103080904,616e_83d6_17e8_59b4,True,False,4,24,0,0,8,36,4,4,3,2,12,3,[3|3|3|4],9,"(3, 2)","(2, 3)",G2,0,-,000b0a0c0f0409070d0e030501020608,835e_4bb8_6696_1dd2,3,2,12,3,[3|3|3|4],9,"(3, 2)","(2, 3)",G0
Num1_DL_13_2,000b08050f0c03060e04070902010d0a,c936_47b8_95d2_6c5a,True,False,4,24,2,1,8,36,4,3,3,2,12,3,[3|3|3|4],9,"(3, 2)","(2, 3)",G2,0,-,000d0c060903070a020b0f01050e0804,6696_b44e_27e8_1e72,3,2,12,3,[3|3|3|4],9,"(3, 2)","(2, 3)",G0
mCrypton_S0,040f03080d0a0c000b05070e02060109,897a_2e53_3d26_c716,True,False,4,15,2,5,8,30,4,10,3,3,15,15,[3|3|3|4],0,"(2, 2)","(1, 3)",G3,0,-,070e0c0200090d0a030f050806040b01,4ae6_3647_538b_c761,3,3,15,15,[3|3|3|4],0,"(2, 2)","(1, 3)",G3
mCrypton_S1,010c070a060d05030f0b02000804090e,d32a_a176_879c_43e5,True,False,4,15,2,5,8,30,4,10,3,3,15,15,[3|3|3|4],0,"(2, 2)","(1, 3)",G3,0,-,0b000a070d0604020c0e030901050f08,cb15_6378_46ad_7c19,3,3,15,15,[3|3|3|4],0,"(2, 2)","(1, 3)",G3
mCrypton_S2,070e0c0200090d0a030f050806040b01,4ae6_3647_538b_c761,True,False,4,15,2,5,8,30,4,10,3,3,15,15,[3|3|3|4],0,"(2, 2)","(1, 3)",G3,0,-,040f03080d0a0c000b05070e02060109,897a_2e53_3d26_c716,3,3,15,15,[3|3|3|4],0,"(2, 2)","(1, 3)",G3
mCrypton_S3,0b000a070d0604020c0e030901050f08,cb15_6378_46ad_7c19,True,False,4,15,2,5,8,30,4,10,3,3,15,15,[3|3|3|4],0,"(2, 2)","(1, 3)",G3,0,-,010c070a060d05030f0b02000804090e,d32a_a176_879c_43e5,3,3,15,15,[3|3|3|4],0,"(2, 2)","(1, 3)",G3
